epoch,train_total,train_data,train_phys,train_ou,train_bc,train_sr,val_total,val_data,val_phys,val_ou,val_bc,val_sr,lr,grad_norm,spike_rate,time_s,prodigy_d,prodigy_d_max,prodigy_lr_eff,val_T_tracking_corr,val_T_intra_corr,val_v0_pred_mean,val_T_pred_mean,val_s0_pred_mean,val_a_pred_mean,val_b_pred_mean,val_v0_intra_std,val_T_intra_std,val_s0_intra_std,val_a_intra_std,val_b_intra_std,val_v0_nrmse,val_T_nrmse,val_s0_nrmse,val_a_nrmse,val_b_nrmse
1,0.9366828139126301,0.8083735091984272,0.7201385571993888,0.004717184989713133,0.03230807526842625,0.0016941536021477077,0.33182381010277473,0.2726800154419021,0.08649456626091628,0.003647937054839976,0.028144558837200438,0.000754989306659536,0.5,12732.964994676411,0.14046827299480744,133.2790505886078,0.017708004979166348,0.017708004979166348,0.008854002489583174,0.002573184436187148,0.010757508687675,30.984438601960527,0.9764492746363295,2.7729717176011266,0.5720987318361059,1.259922333537264,0.39954728316119376,0.042310548490507804,0.02500484354714764,0.044726076892557295,0.06073726364906798,0.2781489321540222,0.16274238609716438,0.12214667321597097,0.2814953769758723,0.1717553924735011
2,0.2645827044546604,0.2362010011076927,0.06011615773662925,0.0030735234590247274,0.00535698992934158,0.00022799903111547337,0.2579847681237028,0.23151604902554065,0.06223091615631463,0.003568719894169493,0.0022378375262691193,0.0008160122070040825,0.49148145657226705,0.25429666593670847,0.15618642201607533,133.4587540626526,0.025706086767253267,0.025706086767253267,0.012634064967142715,0.22401656210422516,0.009969796985387802,34.55488109588623,1.2848513069305014,2.429534635645278,0.45783528336819185,1.3762458537487274,0.5794340830217016,0.04421776113040904,0.04700920927001441,0.033966076812964485,0.042585989618872076,0.33877342740681793,0.12162022629864168,0.07502406273743342,0.3277372181391855,0.1485016508179179
3,0.24129132077097892,0.21997526347637175,0.051871415032073855,0.0030207764555234464,0.0016445703132467314,0.00030869192232577667,0.2532415724894468,0.23034744872216215,0.059442208577046525,0.0030280083140477223,0.0014682690477545966,0.0004587369730895083,0.4665063509461097,0.24247856933623552,0.1463554690968483,133.20742654800415,0.029579996896558776,0.029579996896558776,0.013799256413210885,0.08379282802343369,0.010540219023823738,36.667722052716194,1.309408925949259,2.3049080435265887,0.4508793707540695,1.6411586150209954,0.6250326440055319,0.04071175899515127,0.05813789193300491,0.03329527427496864,0.05270780729962156,0.39139234230635017,0.13362060494812786,0.08233788411853914,0.3301502199174595,0.14451511784523133
4,0.22516182139515878,0.2055740787833929,0.04535086450167,0.003008048883639276,0.00149590796068253,0.00014467392356465325,0.2241697819863862,0.20444084937743684,0.04701970655847579,0.0027518706381360583,0.001582551716054734,0.0006232262656015105,0.42677669529663687,0.21387189671397208,0.14259254437019217,133.1675112247467,0.029579996896558776,0.029579996896558776,0.012624053322398129,0.1920623928308487,0.014703446067869663,36.82253794974469,1.1165048220056168,2.2346373377962316,0.4759679119637672,1.4993235018659146,0.6296790855679106,0.04012262399130045,0.05527756598956408,0.03719831307844675,0.03521223796254143,0.39278842646709566,0.12195157660318601,0.09712143825280345,0.3214991437490708,0.1278089873212322
5,0.23050233222544192,0.21279262915253638,0.048451026137918234,0.0028075697529129683,0.0012434574392011656,0.00018894406103555638,0.21849968018842506,0.19817738357852113,0.04345383389823218,0.002648127096224616,0.0013082264712819141,0.0006541406259507409,0.375,0.23963011924177408,0.14142550928320022,133.30285024642944,0.034993322207731443,0.034993322207731443,0.013122495827899292,0.17205728590488434,0.013176606968045235,36.234520759988335,1.1590087515242555,2.119377578826661,0.4852327311292608,1.5957987321184037,0.6468859481367659,0.040279776274048266,0.06257259306755472,0.040232956029246855,0.03129336042725976,0.3743516402203458,0.11673946265007609,0.11447311622304364,0.3167318819882576,0.13435223540000424
6,0.23957938358187675,0.21859519988298415,0.051484743617475036,0.0025983395974617453,0.001812648682462168,0.00038715764596759073,0.21536762081086636,0.1963919492517697,0.04245264032617845,0.002585499044606819,0.001237555377505586,0.0006395177579350122,0.3147047612756302,0.2368329993635416,0.1425726399856045,133.1217339038849,0.03733388527353555,0.03733388527353555,0.011749151452499771,0.2526302933692932,0.013431409373879433,38.00718676790278,1.2206310331821442,2.044910679472254,0.4822982448212644,1.4926062498955017,0.6773016879216154,0.03875797652104433,0.06059988623762384,0.04146962930780261,0.0405886464336134,0.41978150013804116,0.11208109423901863,0.12991471001834387,0.31657199222451443,0.12762817962097972
7,0.2151103976368904,0.19718228496611118,0.04171795876696706,0.0028408893931191415,0.0013279665075145886,0.00019163137232941274,0.2095739594165315,0.18579219650239387,0.03768205045266671,0.0028719456090487818,0.0004094640343478591,0.0008984936475588437,0.25,0.3051483314484358,0.1578790525648188,132.71014618873596,0.0486146151957389,0.0486146151957389,0.012153653798934724,0.20098429918289185,0.021466437727212906,40.03801047548335,1.1877454446351274,2.1653237330152635,0.4574272168126512,1.324021579737359,0.891227458702757,0.059745867855529836,0.0595366544228919,0.05986244159740114,0.03844668440758548,0.4732610911978336,0.158081434216293,0.10173454920609153,0.3376700208765921,0.15493190832040088
8,0.2123535168915987,0.19296635717153549,0.04037699316628277,0.003129103370010853,0.0013181253969359475,0.00036300353577083165,0.19963414590567985,0.1810246252435002,0.03613137872394254,0.0034089692901730774,0.001012552594426339,0.0006582219576851583,0.18529523872436984,0.4680947770178318,0.1428538298908066,131.58285284042358,0.0486146151957389,0.0486146151957389,0.009008056728187816,0.35019734501838684,0.027690459042787552,39.32808137447276,1.195389636019443,2.16815466830071,0.44510768512462046,1.4687377144681646,0.8011344098981391,0.048556916227445325,0.060707109920839046,0.04483901807992531,0.02584025155792528,0.4530465077100499,0.11733935561076798,0.10309774460171485,0.3392233455619108,0.12988428836386082
9,0.19926708556711673,0.18259433791041374,0.03530873291194439,0.00340299685485661,0.0012930803983181248,0.00020853734410821722,0.19517120869552834,0.17793473664750445,0.03498098323557605,0.003095304972412897,0.0010416586092921896,0.0005947547410239986,0.12500000000000006,0.3598023203387857,0.14718978638027577,131.32911205291748,0.0486146151957389,0.0486146151957389,0.006076826899467365,0.26044097542762756,0.020987283438444138,39.68356725002857,1.2683133540001321,2.235626040621007,0.41816059579240517,1.5492104786507628,0.7503498928185474,0.053401116222301696,0.06259420819263509,0.04050153089523752,0.0226518833078444,0.46299240206209347,0.14292299519769236,0.0923891312183419,0.347605102537228,0.12379776730457838
10,0.1994819938391447,0.18308872535824774,0.035906439791433514,0.0029926952009554954,0.0010071816923129973,0.00024404021411627674,0.1938978237436807,0.17632637537540274,0.03433777453957443,0.0029968027876283816,0.0014909634663769595,0.0006672086257671138,0.07322330470336313,0.46536548759788277,0.1473268801544575,131.47369241714478,0.0486146151957389,0.0486146151957389,0.0035597227815143367,0.2813718020915985,0.021359169855713844,39.816924196608525,1.259537397546971,2.2671452874832965,0.4188737449176768,1.540807143804875,0.7317992225289345,0.05188465649460224,0.058239464430098836,0.040789556127299176,0.022347164270963442,0.4668084758960138,0.13903354789189165,0.08904139585917195,0.3477912010528186,0.12113169390610905
11,0.2016184763610363,0.18463269487023354,0.03707353765144944,0.0028892550989985466,0.0015620478237195813,0.0002079598778654912,0.192381772470284,0.1743304109240466,0.03336609724755498,0.003140261189323513,0.0015184107788594789,0.0006345983214547309,0.03349364905389032,0.6071928958967328,0.14815199204740373,131.41087555885315,0.0486146151957389,0.0486146151957389,0.0016282808602560022,0.2694881558418274,0.020283829420804977,40.09193836374486,1.2419324371408909,2.282578037140217,0.4272138888531543,1.4786433374628107,0.737300916079511,0.0543564775998288,0.05856810103943373,0.04438169606200585,0.02338949704859802,0.47472061326571896,0.1403182447896843,0.08704362530729504,0.34610817446927955,0.12575392697860666
12,0.19446320451796054,0.1784187913686037,0.03408037480898202,0.0029208422603551297,0.0012270587527136456,0.0001875207717556293,0.19254573708043454,0.1752070163951275,0.03374528285968018,0.003114617451346737,0.0010579420135855531,0.0006191221176819531,0.00851854342773295,0.3997243357077241,0.14771943753387065,131.39680743217468,0.0486146151957389,0.0486146151957389,0.000414125710767428,0.26856911182403564,0.02081814780831337,40.05756518181334,1.2413158423088966,2.234302615865748,0.42247082530818086,1.5048388788040648,0.7274430650187299,0.05425320990740302,0.06170190175242247,0.042955935542503286,0.02192737266143903,0.4736828523300573,0.14033961556021096,0.09272791940123197,0.3474066851060883,0.12438828537260345
13,0.20094481952488422,0.18519217990338802,0.038090204573236405,0.0026823068759404124,0.0008289939059068274,0.00019424052504390943,0.19879974286131402,0.17915861621657583,0.035317523009886845,0.0027023639153451362,0.0033034055033296797,0.0006236277282693103,0.075,0.6522213736176491,0.15103449331636123,131.53139114379883,0.0486146151957389,0.0486146151957389,0.003646096139680417,0.23955978453159332,0.019756557419896126,40.876433047842475,1.199198806856541,2.357550958369641,0.3855633878327431,1.510724792455105,0.7687778098786131,0.05445684302360453,0.06315594307206412,0.03790651905558449,0.02319654036669972,0.49877283354766255,0.14634559904147929,0.08094552695666682,0.36596899638251945,0.1237144428831038
14,0.20723545663058757,0.1908808322995901,0.03975222325883806,0.0030812532565323634,0.0015598618502735916,0.00018602335985584695,0.20275493417965604,0.1850319819405992,0.03793584340886074,0.0034207978640048904,0.0005171587723238761,0.000659810257448458,0.1474444369716801,0.5459487656131387,0.14998333762459298,131.54389548301697,0.0486146151957389,0.0486146151957389,0.007167954566130606,0.2575509548187256,0.022091396152973175,40.12327796854871,1.2021461300393368,2.1549120215659445,0.40595129465169094,1.6464452775234872,0.7267485845120664,0.055251620779249895,0.06102692619203887,0.03673370580749024,0.022664516247769304,0.47553102765573424,0.14301689460495562,0.10751104309593672,0.35256030783812015,0.12610537721602522
15,0.20117163687944412,0.18532303385436535,0.03660852575674653,0.0026197547465562823,0.0007069654827591876,0.0003570925552513593,0.2100706703247542,0.18998227714303326,0.040772754342315046,0.0029080522263997253,0.0012910365826653719,0.000813867346823649,0.13995190528383292,0.4727348271384835,0.1606113484248202,131.62670922279358,0.0486146151957389,0.0486146151957389,0.006803708021284035,0.15669849514961243,0.01333334855735302,41.66933372172903,1.2751242176015327,2.30549293122393,0.35186997452314867,1.4402772156482047,0.695425328105054,0.05049720042920176,0.057394882366853826,0.0275251214261516,0.029135248901203593,0.5221600236583903,0.15160230285176973,0.08543884779184183,0.3784722520344153,0.12973574794334877
16,0.19787413373589516,0.18094447940588,0.035289671653881666,0.003477976091671735,0.0010689928058044763,0.0002647783787244862,0.20109002969842008,0.18218206289283773,0.03747925264364545,0.0023741682172762823,0.001857880988266407,0.000801333954193542,0.12803300858899105,0.47796404469758275,0.1452145527731231,131.44613456726074,0.0486146151957389,0.0486146151957389,0.006224275444906533,0.4453269839286804,0.03518706560134888,39.5810919315257,1.253765678152125,2.2717811515990722,0.4681069345233288,1.4832894079228665,0.7016925183223918,0.037264401023771536,0.056305022315776096,0.03419985483537374,0.023589338790229026,0.46230616919982515,0.10804852343270269,0.0877637763711058,0.3342786292862068,0.1212837037561616
17,0.20780774734914303,0.19149248033761979,0.039604631341062485,0.0029701439547352494,0.0013088126697773817,0.0002869092248209881,0.22578549464332295,0.20592947086279698,0.04796225519632881,0.003333935533907819,0.0007545113706623368,0.0008215347150696816,0.11249999999999999,0.47397892057895663,0.1326950449258723,131.53319382667542,0.0486146151957389,0.0486146151957389,0.005469144209520625,0.2464517503976822,0.016362721100449562,37.613319041881155,1.3725006402807032,2.1075143503381852,0.525997538991431,1.6579247028269666,0.7883623437361514,0.052346261773020666,0.06187726271913407,0.048536995690231746,0.02819129402570902,0.403413092622672,0.15407112438525475,0.11509814752168603,0.3027871482759852,0.12665523176239277
18,0.19809320241212844,0.1820951534062624,0.03542857257183641,0.0029580263572279364,0.0010730453238238624,0.00020287553981802376,0.1975064366421801,0.17959957906698926,0.03593924802361413,0.002969878555419161,0.001078950652063842,0.0007021599149549227,0.09441142838268905,0.4534424165636301,0.15589721278941376,131.59988856315613,0.0486146151957389,0.0486146151957389,0.00458977526090449,0.21998311579227448,0.013443784788250923,40.17444401598991,1.3163873971776758,2.2471532352427217,0.4094016762807014,1.4689613219271316,0.8866681141897719,0.05913477140340082,0.05327124441874788,0.04665620164296149,0.02335513147347151,0.4772123686283404,0.16387733986716035,0.09359856309437556,0.354234595779377,0.12389068706196589
19,0.21139031000435352,0.1947941590845585,0.0413110228208825,0.0029341700009536,0.0008855785324954013,0.0002459559027784941,0.2172412545757091,0.19748059351076472,0.04424480356503912,0.0024807265692791763,0.0015948065758602749,0.0006061819194463606,0.075,0.38446813479065894,0.1574164723303724,131.62673902511597,0.0486146151957389,0.0486146151957389,0.003646096139680417,0.1494826376438141,0.013408823870122433,41.60937660298449,1.1544693955715666,2.2813388692571763,0.3445395369161951,1.440612848134751,0.6842626662171901,0.05061908700364701,0.052835252274699665,0.025685304426472013,0.02300944533991687,0.5210620775021855,0.15789845907992003,0.09036949951838825,0.38139422291940717,0.13028930518714626
20,0.2044650261104107,0.18779436603188515,0.03805838210042566,0.002979546698043123,0.0010944786183347333,0.00020266633892447318,0.193521415477896,0.17635862778951514,0.03422993045681691,0.0034404670419617297,0.0010199638316522243,0.0005779067815537476,0.05558857161731095,0.42843584835529325,0.1501891209961886,131.52680683135986,0.0486146151957389,0.0486146151957389,0.002702417018456345,0.27497971057891846,0.022996651008725166,39.84406860838545,1.2348946948000725,2.190442288175542,0.41568997803520646,1.6175322843358872,0.8580754059267804,0.05764547841464902,0.059310489155827685,0.04209544337905716,0.026944117026126133,0.4711888787478361,0.14862710012603475,0.10187936293729388,0.35416500340275775,0.12431376595593138
21,0.2043502287566662,0.1876102475821972,0.03804824409540743,0.0029191056604031475,0.0011689892511958532,0.0002588400545674574,0.19615923605383712,0.1768962086792639,0.03526757931599314,0.0033659436058827694,0.0011610776838047797,0.000938208754193583,0.03750000000000001,0.803478347659111,0.16456123282934756,131.52764248847961,0.0486146151957389,0.0486146151957389,0.0018230480698402092,0.31974342465400696,0.023307863622903824,40.688445649248486,1.2693746625743014,2.2779472381510635,0.39637844851042364,1.5237236910677971,0.8254546550043086,0.05790654003144579,0.06272505073154226,0.03977916270954704,0.027710299958732535,0.4973549523969223,0.15577997326113185,0.08779838067706666,0.36329522982181106,0.12474182269366006
22,0.20342665545642377,0.18500954411923887,0.03693481754511595,0.003453171360306442,0.0015361855950686732,0.0003406053477823434,0.19848483146980722,0.18100787136465946,0.036299337655246414,0.0030999259380475085,0.000836658229791452,0.0007165843342259661,0.02196699141100894,0.8732754581794143,0.13361511272477342,131.72802686691284,0.0486146151957389,0.0486146151957389,0.0010679168344543011,0.2925821840763092,0.0197030957788229,38.17194046872727,1.31888188833886,2.177816040972446,0.4818481563570652,1.627721075047838,0.8105200036884622,0.04973414543263139,0.06475845968073353,0.047837286510138195,0.027221141670374795,0.42148776766060214,0.13807291259959198,0.10061420738298063,0.3245338459452549,0.12180250993772647
23,0.19583825029432775,0.18110042758286,0.03502210250124335,0.0033632842008955778,0.000514219308228796,0.00019701988639163172,0.19569486978047707,0.17873025439838144,0.035711337384975894,0.003415838928591024,0.0007807886127672776,0.0007036628929293684,0.010048094716167097,0.4570772495120764,0.1384564922686587,131.42028379440308,0.0486146151957389,0.0486146151957389,0.0004884842580768007,0.3408748209476471,0.023742161691188812,38.56710276705154,1.2764318661486849,2.1575546917763164,0.4796822042541301,1.536186657687451,0.7972659778563266,0.05084162405592964,0.06538543352817601,0.04451251131398207,0.02367285080254078,0.4341479269994813,0.13056098292572646,0.10540636969050908,0.32681009694379304,0.11957294974207888
24,0.19795988470315934,0.1821198221296072,0.03657707248814404,0.003327687135897577,0.000926634410361089,0.00019420429353615986,0.18985175125380147,0.17342421755273926,0.03326893263456828,0.003841714375587973,0.0011951125569635043,0.0004663732616899036,0.002555563028319885,0.43888237573206423,0.14314378528518878,131.5605902671814,0.0486146151957389,0.0486146151957389,0.0001242377132302284,0.2828335464000702,0.022724663838744164,39.57460267493065,1.276935281905722,2.2256977025498736,0.40603057945028265,1.5588240718587916,0.8494757126937521,0.05551668119795145,0.062359059764508236,0.03973824424572237,0.028826705279185415,0.46332067377318276,0.14274370053075375,0.09595595462916608,0.35723632761374136,0.12257105975202348
25,0.19906506963074208,0.18283631950616835,0.03616856940556318,0.0031272509985137732,0.000998742378641282,0.000274852642045289,0.21338069993764797,0.1949455045718462,0.042529536814904435,0.0030051901375508293,0.0012326866007845243,0.0007551253312784711,0.0225,0.5007785124331713,0.13232660999006413,131.65672087669373,0.0486146151957389,0.0486146151957389,0.0010938288419041252,0.2816602885723114,0.020459815859794617,37.90080801984097,1.3816479374753667,2.2100335537119116,0.501527412140623,1.6110945705403672,0.825919860855062,0.05082397240194234,0.06366966874834071,0.04971672396254206,0.02729059313919316,0.41314928275941104,0.15729291255986264,0.09573631899176269,0.31619316213171555,0.12016791642063862
26,0.20739549189805984,0.19159031361341478,0.03927814960479736,0.003356453040614724,0.0008451627771955827,0.00018978568223210424,0.2000664474165186,0.1843407832561655,0.03728458175356401,0.005091753188877347,0.0008007421113052744,0.0004059421862651435,0.044233331091504034,0.4603444252163172,0.14261513298496287,131.49481630325317,0.0486146151957389,0.0486146151957389,0.0021503863698391816,0.3174036741256714,0.026089990511536598,39.176140886672,1.199183832774771,2.158188062145355,0.4038703920359307,1.5399376997288237,0.8784968323530035,0.06813306091947759,0.06430230713746649,0.039769693063677315,0.02247722881865945,0.4530597446358248,0.1534765984766641,0.10612688768152145,0.35810670006947715,0.11948807589810427
27,0.1908344480395317,0.17523713916540146,0.03329902144148946,0.00395355504238978,0.001507003911724496,0.0001624690526885786,0.1989855518207905,0.18288273717019152,0.03787945001509952,0.0060047805680833915,0.0006856740932673657,0.0003531628240590128,0.04198557158514987,0.548278521373868,0.1510364454081084,131.37354803085327,0.0486146151957389,0.0486146151957389,0.00204111240638521,0.35202348232269287,0.028172161430120468,39.74378223622099,1.2609758836791871,2.122211534926232,0.37574404937789796,1.484034294777728,0.8269151301777109,0.06709829178896357,0.0644844384824342,0.03141411050641414,0.02848037375890194,0.47117055365852356,0.14132678166721563,0.11274897714279895,0.36902246451618553,0.12377717940840864
28,0.19642601646482943,0.180656982883811,0.03625134969130159,0.004244536336045712,0.0007518097411659141,0.0001760561779039449,0.20298550135277688,0.18603893508143882,0.038140980301405045,0.003248221372214562,0.0007493772682064832,0.0007162926175801904,0.03840990257669732,0.4397132625058293,0.13679610834793843,131.53964471817017,0.0486146151957389,0.0486146151957389,0.00186728263347196,0.2655280530452728,0.016042297706007957,37.75967462012108,1.3465102631995018,2.1261329650878906,0.4991675555071932,1.5324138992644372,0.9008213445702766,0.05572471028550508,0.06432035610951642,0.05155876706796451,0.026465852507092852,0.41073554669462486,0.15344523105754732,0.11139542732705389,0.31696454404766833,0.11760756478508021
29,0.19531845100224018,0.18028415516018867,0.03540889483876526,0.0034539400110952558,0.0010331808412905729,0.00014149711175500456,0.19351179640185326,0.17654416761658293,0.03456967272250814,0.003301503715734493,0.0013119897266469652,0.0005590150250346395,0.03375,0.5352921536192298,0.14521145796839227,131.34615302085876,0.0486146151957389,0.0486146151957389,0.0016407432628561878,0.23591962456703186,0.020016299560666084,39.10406973006877,1.2811658509234165,2.207987888062254,0.4297995293077002,1.5167578008580715,0.8483914434909821,0.05251912156397358,0.06624807688863353,0.04087996845145368,0.021299566573245412,0.45072037119070757,0.1435558426744368,0.09795010864013394,0.34596884588180793,0.12167282219651983
30,0.18947592183947562,0.17499896854162217,0.03318482145667076,0.003687696540728211,0.0005087242554448501,0.00014391792588767992,0.194861266009034,0.17886855163948334,0.0360093375276576,0.003572572882168312,0.0009693886557023897,0.0005517816638463036,0.028323428514806716,0.6410607262700796,0.1487336699315842,131.36206102371216,0.0486146151957389,0.0486146151957389,0.001376932578271347,0.37415748834609985,0.040922168642282486,38.05764389038086,1.2999204260871766,2.1036944750775683,0.44792453358148004,1.561065007397469,0.8778708664343712,0.055961138449926326,0.06479543015519355,0.04260448382906071,0.024810829824034836,0.42365012325165724,0.13556649406131766,0.11399778626214481,0.338237083070697,0.11655595286668373
31,0.19807787887752057,0.1819400529563427,0.036445434777997436,0.0030883409461239355,0.0012561228506342559,0.0002599554242900126,0.19415723762296616,0.1764268429078003,0.03486282924844071,0.00366293057239555,0.0015760623452395744,0.0005380074671724768,0.0225,0.8557008682563901,0.15839658828174813,131.2869668006897,0.0486146151957389,0.0486146151957389,0.0010938288419041252,0.2826540768146515,0.02430650033056736,40.47020540846155,1.3054349809250934,2.141004580132505,0.37373680399453385,1.4979306871586657,0.7938038076650589,0.05957823073332931,0.06422128942497868,0.03065142509342664,0.022102809124725297,0.4924589177608689,0.15495759559841774,0.11204878966196866,0.3711670468488985,0.12528789212052882
32,0.1964645154774189,0.18111110009253026,0.035564278522506355,0.003277928709285334,0.0015675753981832942,0.00021892878473659395,0.20162320434254535,0.1844551331026757,0.03748530116021395,0.004945424000207493,0.0016135112389973456,0.0005314634373485088,0.016676571485193286,0.573696346282959,0.1579175749595495,131.36224937438965,0.0486146151957389,0.0486146151957389,0.0008107251055369035,0.342434287071228,0.028737647458910942,39.86973677290247,1.1826111189228423,2.174900875446644,0.3829766792502809,1.5436365236627294,0.8083237367583082,0.06563277489089585,0.05993633643981624,0.03230445254001175,0.02540529104682835,0.4728714991492421,0.14642652119523494,0.10372982185498006,0.36709606519038773,0.11937345671205615
33,0.18542279973626136,0.1701991843432188,0.03179407776799053,0.0036236158420797438,0.0010042499188127317,0.00017604307479992086,0.18946503312822352,0.1724813236518109,0.03282517425473185,0.004115440017677487,0.0017270564895369776,0.00043535580181574635,0.011250000000000005,0.4606369473040104,0.14770042436554076,131.27853989601135,0.0486146151957389,0.0486146151957389,0.0005469144209520628,0.3046811521053314,0.024899259209632874,39.134834512751155,1.2882809074635202,2.175493160460858,0.40519091502783144,1.5122005318073517,0.9157971283222767,0.059705246963161734,0.061939435396739774,0.0375213339344903,0.022163179083826378,0.457753215271025,0.1500717308736316,0.10839412031492111,0.35930544518813623,0.12397771360993529
34,0.18978223383426665,0.17426565520465373,0.03293699711561203,0.003340881491312757,0.001847751462816518,0.00018244449914195827,0.19300797918534024,0.17675829090257275,0.03452704534890685,0.003088707443663573,0.0012217135748563636,0.0006039835677854056,0.006590097423302682,0.7348560783267021,0.14188678229742863,131.4086675643921,0.0486146151957389,0.0486146151957389,0.0003203750503362903,0.32106852531433105,0.027521735057234764,37.14921443005826,1.319010779578635,2.1102218608906926,0.49983796905329886,1.574261821330862,0.9457978446115839,0.057014951700384314,0.06368895487344646,0.05183271815064685,0.02330850389231234,0.39653287623967165,0.14812939606889336,0.11294358653148759,0.31932813053786535,0.11598634491379146
35,0.19438096173107625,0.17850274689495563,0.03457364313304424,0.003307303288020194,0.0011483234541992714,0.00025619765377694393,0.19920952570565204,0.18200803690768302,0.037032872849599795,0.003000752501588493,0.001378031353151576,0.0005733448155237944,0.003014428414850129,0.6068474437296391,0.1558352327568734,131.32687091827393,0.0486146151957389,0.0486146151957389,0.0001465452774230402,0.21316711604595184,0.016354691237211227,39.867551103551335,1.3066284212660282,2.165424278441896,0.3915180226272725,1.536648655191381,0.8179599554773341,0.05280332836976394,0.06433624268925571,0.035849179655494307,0.021941779845176226,0.4725509690923129,0.14926148947048423,0.10485847728150792,0.3629441156506209,0.12076402259443463
36,0.19265514440834522,0.1778588891774416,0.033636613795533774,0.0030746693164110184,0.001442049551357627,0.00022823270920838468,0.18866975011026604,0.17269951588612922,0.032910872405602976,0.00300868057325096,0.001481304708758376,0.0005097417632547369,0.0007666689084959655,0.6309911585599184,0.15181380970046876,132.0415530204773,0.0486146151957389,0.0486146151957389,3.727131396906852e-05,0.2322540283203125,0.020844407379627228,39.22423915660128,1.2665396522968373,2.1774615036680345,0.4186831609682834,1.5490701851692605,0.8774929119551436,0.05430480852683491,0.06426034574495985,0.040289137605949245,0.022796412365154384,0.4535659154708524,0.14644592061130182,0.1004438039610698,0.3521186713781349,0.11666537441341669
37,0.19816232323646546,0.18261850267648697,0.03611801196821034,0.0034405359940137712,0.0010438648657495348,0.00018459535053812814,0.1907610574618299,0.17344624133027614,0.0333780098416684,0.0034521810993418454,0.0014995114215103154,0.0005516811607735269,0.006749999999999999,0.6043067121505737,0.15833327931133992,131.22917795181274,0.0486146151957389,0.0486146151957389,0.0003281486525712375,0.2675434648990631,0.026093153282999992,40.574055225291154,1.2659615328971376,2.216864725376697,0.37788361263401965,1.5269683491676411,0.815064585589348,0.057301457158904126,0.06402415970459263,0.030442294639756933,0.026415886501088105,0.49602280749522065,0.156994603774436,0.09825750380857864,0.3706834792647824,0.12362861816743155
38,0.1943208707869053,0.17861545123159886,0.03364065130241215,0.0029420898272655904,0.0014535556112787163,0.00017302130839137676,0.1891370608689303,0.17394015468419233,0.03347415199869887,0.002959683697863898,0.0007178925495131904,0.00048505716270026846,0.013269999327451208,0.6533402417600155,0.15072918223573806,131.49328708648682,0.0486146151957389,0.0486146151957389,0.0006451159109517544,0.22810733318328857,0.020047349855303764,39.17061539913745,1.270127943855651,2.1778613303570036,0.41882790022708,1.5568696361906984,0.8720572850805648,0.053742966376879114,0.06477433696706245,0.040286011531165095,0.025399748448956202,0.45203718292095224,0.14652980655827036,0.09998230086792437,0.35190598063801765,0.11703701055560202
39,0.1951570212841034,0.17941760703921317,0.03478910726029426,0.0029918083443772046,0.0013919003261889883,0.00018898432851953471,0.19513356594487707,0.17854827190650271,0.035387028572199115,0.0031233682691000717,0.0008250814881024927,0.0005137873516906691,0.01259567147554496,0.9063017819076776,0.14848508273667477,131.15314245224,0.0486146151957389,0.0486146151957389,0.000612333721915563,0.3472839295864105,0.029798761010169983,39.24697153618995,1.254567671646463,2.1494978907260487,0.4183253546027427,1.503074826078212,0.9378131099362322,0.05766841338234062,0.06407638324147209,0.0413766193622073,0.022575642447918653,0.4601327748323736,0.14281653112710557,0.10945300753664049,0.35503931709691705,0.12336645027170402
40,0.1975176092237234,0.18183745943009855,0.03556159690953791,0.0027822872076649218,0.0009785049017045821,0.00021805361079177743,0.19466564582383378,0.1782578995173916,0.03523367909130026,0.0027655669533835844,0.001136187612690501,0.0006341066115952681,0.011522970773009194,0.682776112407446,0.13936706553114223,131.17168593406677,0.0486146151957389,0.0486146151957389,0.000560184790041588,0.3490578532218933,0.028906289488077164,36.994601625077266,1.3157784615425354,2.1125896858408098,0.5051925634133055,1.5769466339273657,0.8997332522685223,0.053081705314206314,0.06443754516224912,0.04984116278609826,0.022871553595673215,0.3919307747340225,0.1394426951674013,0.1123685153241581,0.31597651629932794,0.11624638061080034
41,0.19584127999842166,0.18061422251164913,0.035079217441380026,0.0031547840184066446,0.0014797943735359808,0.00013896909169783812,0.18887259799273723,0.17354851267597776,0.0333955508775692,0.002973840902918613,0.0007008207602333317,0.0005132110366430779,0.010124999999999999,0.5563814477622508,0.15106337343124634,131.95479798316956,0.0486146151957389,0.0486146151957389,0.0004922229788568563,0.2586943805217743,0.022513680160045624,39.09598373859487,1.2739203521545897,2.1726292219567807,0.42087867665798107,1.5536049902439117,0.8539291757376904,0.052919872976998066,0.06554535144266296,0.03960422722361437,0.02234420174871512,0.4500452420832476,0.14163522159547406,0.10103407633410894,0.3507445653791524,0.1171472186761532
42,0.1915836963802576,0.1761760500073433,0.03333150458987802,0.0033589206193573775,0.0015688229582709568,0.00012170458907696968,0.19022613680584632,0.1737370702457872,0.03350919296846111,0.0033578662972084863,0.0008576181110029477,0.0005624804783475471,0.008497028554442013,0.5816753821074963,0.14520665939818037,131.10406589508057,0.0486146151957389,0.0486146151957389,0.00041307977348140404,0.3228774666786194,0.02701745554804802,39.00327962510129,1.327366495386083,2.1912325747469636,0.4283839906466768,1.5167480840327892,0.9549998006922134,0.06020838256053468,0.06309636876462622,0.04359615988056596,0.02269036792951854,0.45308329415634035,0.165608064154549,0.10262536004024364,0.35124158162274555,0.12207176837772771
43,0.19093531154096127,0.17654864616692068,0.03391270983032882,0.0031588851939886808,0.0003905094534400178,0.00015324148935574655,0.18764652601106369,0.17131805495220295,0.032292832421049716,0.0036273095490500095,0.0019017815476516375,0.0004043904473632969,0.006749999999999999,0.6037268041819334,0.1451219695204116,131.35388469696045,0.0486146151957389,0.0486146151957389,0.0003281486525712375,0.29410797357559204,0.024330876767635345,38.69309167659029,1.2820665018355593,2.1765531085907144,0.4142504264699652,1.5525735711797755,0.9372064949984246,0.05807294620280253,0.06219948649882002,0.038964269908629307,0.023313416049201438,0.4439349087649014,0.14908094566715388,0.10527811729204065,0.35544879481946495,0.12001978282776246
44,0.2020600499212742,0.1865340566635132,0.03770714990328997,0.0031630836555268617,0.002088685063715161,0.00011476898060919894,0.19602149689292653,0.17963343141402335,0.03541636659684492,0.0030083570708619787,0.0013661305913551453,0.0005719245601210869,0.005002971445557985,0.66972353130579,0.1378796970115063,131.23782515525818,0.0486146151957389,0.0486146151957389,0.00024321753166107102,0.25785961747169495,0.017635872587561607,37.195802658162215,1.3279534273959221,2.1244722826683775,0.48684804728056524,1.5764528398818158,0.9589318352493834,0.05491578362961399,0.0658732463031056,0.05125640227986956,0.022671606406529852,0.3969907013295179,0.14974484501262506,0.11053470351986962,0.3240973557014985,0.1164682455016162
45,0.19072355173528194,0.17617687955498695,0.03358503903262317,0.0027371694950852543,0.0010972708451174639,0.00020612511075128736,0.19053928359867411,0.1746884111632058,0.03359039514474174,0.0028574235029543375,0.0014572220926181865,0.00047850956854461965,0.003375000000000001,0.5205257007479668,0.1487207885910856,131.19203662872314,0.0486146151957389,0.0486146151957389,0.0001640743262856188,0.20037662982940674,0.016272513195872307,39.021701214161325,1.2790545630962291,2.1857532376938678,0.42101979334937767,1.5537116350011622,0.8728008668156381,0.05224025540767198,0.06493899154853314,0.04068845579201886,0.022333415453025002,0.4472362639229217,0.14622348363165746,0.09883483527196683,0.3504932781772101,0.11666813014815416
46,0.18467581950128079,0.1703847360610962,0.0316584930382669,0.0028416873887181283,0.0008957521361526232,0.00013120483370219205,0.1895740706315066,0.17260809333876093,0.032859534220869076,0.003376674611725785,0.0015347935528873162,0.0005330708887584931,0.0019770292269908046,0.5869580848515034,0.1545007495962559,131.3913013935089,0.0486146151957389,0.0486146151957389,9.611251510088709e-05,0.2534988522529602,0.020969698205590248,40.22923310259555,1.2434840310127178,2.222809498614453,0.3868039686312067,1.5239890997714185,0.8322176815188945,0.05592395967625557,0.06431195686789269,0.03286457753587301,0.02256409700543798,0.4845454746860527,0.15009762587982536,0.09616474751167128,0.366312567100354,0.12213748601920783
47,0.18219792991876602,0.16672350510954856,0.029803872229531406,0.002925901806447655,0.0010386142430098744,0.0001912220444433821,0.1895630899420444,0.17259596573545577,0.032877105275822924,0.003369211276220356,0.0015305248240997328,0.0005329027434142633,0.0009043285244550386,0.6197864373773336,0.1544228936446474,131.42642045021057,0.0486146151957389,0.0486146151957389,4.396358322691205e-05,0.25380319356918335,0.021728171035647392,40.22611548038239,1.2434742241463763,2.2229231735493276,0.3869115470888767,1.5527522272252021,0.8323965640144145,0.055997080159710444,0.06421078337316817,0.03297233717340203,0.027245768256723247,0.4844355236816526,0.15005232010115543,0.09612977456409733,0.3662902633257492,0.12211507358193374
48,0.1968172051757574,0.18149164415895938,0.03615501860156655,0.0029637561296112836,0.001255052065905602,0.0001791371376187456,0.18967909805793712,0.17270357217243376,0.03292603243608028,0.003378670111526438,0.0015302521356880426,0.0005327682776663654,0.00023000067254878962,0.5861729504913091,0.15441198662874547,131.62816977500916,0.0486146151957389,0.0486146151957389,1.1181394190720554e-05,0.2538280785083771,0.021955378353595734,40.224812913448254,1.2434778425921784,2.2229066148717354,0.38694659604671156,1.552789625969339,0.8320504449149395,0.055965955398897545,0.06419203688014061,0.032926896125842334,0.027241937499097053,0.48440771043441383,0.1500506499632175,0.09616074607120258,0.366278028143767,0.12213926540363215
49,0.19671178460121155,0.180753083974123,0.035820905826985834,0.002925682191271335,0.0009771686329622753,0.00017863562390559194,0.18918892289412784,0.17266991112301958,0.03296689981560005,0.0033056379612931546,0.0015359078312657249,0.000514870071849488,0.002025,0.6636047188937664,0.15375199620711041,131.31495308876038,0.0486146151957389,0.0486146151957389,9.844459577137126e-05,0.25159910321235657,0.02133619599044323,40.03007480945993,1.2444090221790558,2.2335369269898595,0.38652211300870204,1.564929646380404,0.8588741845748527,0.055900686093546606,0.06261006649583578,0.033317687770133796,0.02740767011121708,0.4782712606569411,0.15030042709986105,0.09331276385247873,0.36689582852712815,0.11965286154492
50,0.19753366112709045,0.18200039833784104,0.03608095855917782,0.0031955380470026283,0.0019009516227697532,0.00013735234777144224,0.18768151649373008,0.17175085014326774,0.03252013326260915,0.0035769511707761186,0.0013293920189543606,0.00040347230775269734,0.003980999798235363,0.5119634277001023,0.14442873385516888,131.13388967514038,0.0486146151957389,0.0486146151957389,0.00019353477328552636,0.29794949293136597,0.02503204718232155,38.63413184754392,1.2761570817612586,2.157448286705829,0.4145850031933886,1.5369518595807097,0.9341799019181982,0.05822145322615162,0.06457906265921415,0.039636020031119844,0.027763244913930587,0.4416759394585018,0.14889426638491016,0.10687023739490079,0.35452935078888426,0.12107264461780043
