epoch,train_total,train_data,train_phys,train_ou,train_bc,train_sr,val_total,val_data,val_phys,val_ou,val_bc,val_sr,lr,grad_norm,spike_rate,time_s,prodigy_d,prodigy_d_max,prodigy_lr_eff,val_T_tracking_corr,val_T_intra_corr,val_v0_pred_mean,val_T_pred_mean,val_s0_pred_mean,val_a_pred_mean,val_b_pred_mean,val_v0_intra_std,val_T_intra_std,val_s0_intra_std,val_a_intra_std,val_b_intra_std
1,0.9247498962283135,0.8083510416746139,0.7055727626383305,0.003490109429694712,0.04176184755226132,0.007810443023918197,0.3008135477120572,0.2771960582504881,0.08341269002375291,0.0008594072136707217,0.014990806734463367,0.00048488779442331916,0.5,1.1308475643396378,0.14352679403221352,144.07727193832397,0.01973644897078211,0.01973644897078211,0.009868224485391056,-0.0021516308188438416,0.0064188833348453045,31.799890568915835,0.6633020382612309,2.162308224972258,0.4018864262294262,0.8542450241585995,0.3043055635024893,0.02012218673406367,0.03786767455451983,0.017782420291505913,0.04042714678662571
2,0.26479029327631,0.2515994243323803,0.06886867484077812,0.00181515268253861,0.00461299190516911,0.0032005016326957045,0.22720429095182013,0.21857815075348666,0.05455990574951779,0.002744564355569,0.0011823808612756897,0.0037010834558772175,0.49148145657226705,0.2380158446729183,0.0915058083990787,143.73845148086548,0.01973644897078211,0.01973644897078211,0.009700098687724213,-0.013732749968767166,0.003582084784284234,34.881078314273914,1.1595908853601902,1.994835007063886,0.42771467709160865,1.2328075589017664,0.44407654490242615,0.03752171668283483,0.055101033835176456,0.025560020768836615,0.05511160961728781
3,0.22959842324256896,0.22163164250552655,0.05237255986779928,0.0024519832886289806,0.0010781904601935822,0.003057469460181892,0.22025057233552983,0.21204926965243004,0.050973413249557,0.002806547546184602,0.0010958064429782185,0.0037356557452379977,0.4665063509461097,0.22630475483834744,0.09300836447150783,143.41741061210632,0.01973644897078211,0.01973644897078211,0.009207178789993666,0.044943541288375854,0.007713316939771175,35.43399922391202,1.1942098857240473,2.0208779383212963,0.48130498271673283,1.5456069733234161,0.4629450148724495,0.03629516361360537,0.06367420549801689,0.03368436252794902,0.0615308645399327
4,0.22772228807210923,0.21969718232750893,0.05198854708112776,0.0026200330827850847,0.0015290614624154841,0.0023323783215892036,0.21239689866358297,0.20442401940756022,0.04752381204409485,0.0023771229997633938,0.0019086517699152179,0.002385980755966049,0.42677669529663687,0.22746166296303272,0.11028491878049805,147.12040615081787,0.01973644897078211,0.01973644897078211,0.0084230564686411,0.1448313295841217,0.011346450075507164,37.23321216664416,1.146363800510447,2.169278969155981,0.43617077298620915,1.3659281806742891,0.5375079056049915,0.040850037272940294,0.07292472483946923,0.02943134538803319,0.06256100751380338
5,0.21952900491654873,0.21275650896131992,0.049115169728174805,0.0024031548341736197,0.0009695934132673755,0.001542456080373995,0.2099587430860451,0.20192431468278804,0.04644993560368869,0.0027322045123660344,0.0020417584350757943,0.0024221308145126355,0.375,0.2523888108693063,0.11070400971840037,144.287109375,0.01973644897078211,0.01973644897078211,0.007401168364043292,0.2754722833633423,0.014917217195034027,37.49720181810095,1.20511897320443,2.222153160166233,0.4120467019842026,1.4881231658002163,0.5395254492759705,0.0384836465992192,0.07767712594346797,0.02686248978871129,0.06744389388551737
6,0.20527730524539947,0.19894611686468125,0.04397743295878172,0.0028260570485144853,0.0012487818447152676,0.001086720184882779,0.19121742920276333,0.184595938395471,0.03801958871500052,0.0032111967671068107,0.0015893747450680892,0.0021391970834289996,0.3147047612756302,0.29219214666634796,0.11365091253785377,143.8755600452423,0.01973644897078211,0.01973644897078211,0.006211154461778641,0.44461214542388916,0.027796434238553047,38.578977625420755,1.1970876176306542,2.2317350747737477,0.42144980693751194,1.2892979738560129,0.6938278901767223,0.04236282049579189,0.06990793157131114,0.04197357567596903,0.07344759077309294
7,0.1879391498863697,0.18248320281505584,0.03649876480456442,0.0035295088007114826,0.001243349197598036,0.000772492098194315,0.1931235032116479,0.18692944995424848,0.03756912078391364,0.0035902065654691466,0.0014789385379729422,0.0015573857563398854,0.25,1.0214297373592853,0.12457301483509388,142.38698935508728,0.020688902334554803,0.020688902334554803,0.005172225583638701,0.4609120190143585,0.038094207644462585,40.42955008973467,1.0459878527103585,2.2684306895479245,0.41899432273621257,1.1570422877656652,0.8763030245900154,0.05177553721327097,0.0735889003869701,0.05510653080071937,0.09710508785111473
8,0.19011740550398826,0.1843139836937189,0.03707849630154669,0.004002442152705043,0.0014831269599039842,0.0008246484644860174,0.18270291604022396,0.1763815654322822,0.03477894360115355,0.0038569229444429436,0.0019108963952151076,0.0014794283844534125,0.18529523872436984,0.47640283554792406,0.12334171355642537,143.13978266716003,0.020688902334554803,0.020688902334554803,0.0038335550970265047,0.4538305997848511,0.03585553169250488,40.932934274064735,1.1909059672913653,2.454531526311915,0.44712718924943434,1.2812517317051584,0.9256874882477395,0.05228548774376829,0.08072638527510013,0.058686225095446756,0.0950031375631373
9,0.18741625346243382,0.181656896173954,0.03668440150562674,0.004088706455659122,0.0014563173002866314,0.0008603333349855546,0.1810798049369391,0.17505196228306344,0.034109757310324444,0.0038148698996395823,0.001540235864387952,0.0017717760164884682,0.12500000000000006,0.5352637565135956,0.12108111904656634,142.8272681236267,0.020688902334554803,0.020688902334554803,0.0025861127918193516,0.5116838812828064,0.026280764490365982,40.731929718179906,1.2278837371379772,2.4938396862212646,0.46574790680662115,1.568234883090283,0.8635212430294524,0.04696356116774234,0.08731760924800913,0.058547060836374044,0.08996878564357758
10,0.18391622185707093,0.17864648051559925,0.0347978478204459,0.0041692141490057115,0.001301373570549913,0.0005602448554260442,0.17970137512113185,0.1739559378276797,0.03382723430850285,0.0037464679459090085,0.001557304313124366,0.0012361717892681306,0.07322330470336313,0.5214005794376135,0.13178262217564785,143.65987539291382,0.020688902334554803,0.020688902334554803,0.0015149097996212271,0.5065876841545105,0.03777628019452095,41.469679832458496,1.1898567464123382,2.454099193532416,0.45403047286449594,1.318529910229622,0.9829665937639297,0.050039232688698365,0.08663436500950063,0.06546241364706842,0.09305072817555134
11,0.19219872869551183,0.1868791788071394,0.03741273865569383,0.003703039917163551,0.0012247225235842052,0.00033680155460249497,0.1787174830530235,0.1729976337086013,0.03328321845657093,0.004603176764113472,0.0016528750608030439,0.0010169842792303052,0.03349364905389032,0.567008262053132,0.1412024629559923,142.2391812801361,0.020688902334554803,0.020688902334554803,0.0006929468341037908,0.5305735468864441,0.03852415457367897,41.84709709248644,1.176872785421128,2.5505717384054307,0.4171461396394892,1.3626417603264465,0.9876580951695747,0.05510580533758757,0.09564567567344676,0.06272906198926725,0.10301502005375446
12,0.18045137278735637,0.1754771389812231,0.03330628949683159,0.004433454435784369,0.0011891080503392004,0.00046564637929130014,0.17761868826965702,0.17190133869410196,0.03290726878293889,0.004205926629823652,0.0016870849919125705,0.0010584841963630737,0.00851854342773295,0.551977656558156,0.14394531327676266,143.81376314163208,0.020688902334554803,0.020688902334554803,0.00017623931300903069,0.5328310132026672,0.039256639778614044,41.932075662815826,1.1843402972246737,2.543078047163943,0.42838427281760155,1.350079634722243,1.008603186683452,0.053435281355013235,0.09573084167502027,0.06459901621874838,0.10250090141879752
13,0.19022373661398886,0.18404614850878714,0.0357527125114575,0.0038609235384501517,0.0021009326037116694,0.0006166756175836951,0.18055903967073622,0.17448494975712706,0.03355638533979258,0.00391667589862296,0.0017380613272942674,0.001569113034999656,0.15,0.5402601850777864,0.12399816306981634,144.82500576972961,0.020688902334554803,0.020688902334554803,0.00310333535018322,0.5423623919487,0.04061972722411156,41.12312645607806,1.26265745784374,2.4935736275733786,0.47464635223150253,1.5443596649677196,0.9643172291999168,0.04998095313760829,0.08584492471306882,0.06959692193591531,0.10196127421519857
14,0.18787367016077042,0.18223963372409344,0.03677501763217151,0.0038690668786875906,0.0014745100541094303,0.0005771433870436127,0.17564325270421327,0.17010201046124418,0.03231666692745614,0.003428743487754044,0.0015724509445624963,0.001131374988466314,0.1474444369716801,0.5070079423487186,0.13647961834485225,141.61814618110657,0.020688902334554803,0.020688902334554803,0.003050463556280511,0.4963894188404083,0.04250003397464752,42.0296902352191,1.2095151435821614,2.6019551094542157,0.4302700407644536,1.3995022028684616,0.9003315800999073,0.0476575642824173,0.09103027877813959,0.05382320175146773,0.09613780496998671
15,0.17435712762176991,0.16953355886042118,0.03080410623922944,0.0036031811055727303,0.0013709870329307705,0.000384022301489273,0.17511767483851376,0.16965070152853398,0.03209428145659176,0.0034868375143095693,0.0014092599794199147,0.0013478877665997946,0.13995190528383292,0.45847365766763687,0.13216666199583957,142.40141344070435,0.020688902334554803,0.020688902334554803,0.0028954512999520834,0.5106181502342224,0.03897092491388321,41.78691709802506,1.2185365560841053,2.53122829376383,0.4345713934682785,1.5104444084015298,0.8354218541941745,0.04735022644571801,0.08716061457674554,0.05074338376103464,0.09708482807779566
16,0.1656282126158476,0.16092454381287097,0.028047321401536464,0.003568732140120119,0.001494671044174538,0.0004516579743180849,0.17913779465759055,0.17378359815066166,0.0341775159752789,0.003602558691203198,0.0011697072967011269,0.0011732172971929164,0.12803300858899105,0.4068415201455355,0.13759972460250905,143.44080924987793,0.020688902334554803,0.020688902334554803,0.002648862410296852,0.5067874789237976,0.048590511083602905,42.85621886557721,1.1657160476167152,2.4927032209457236,0.45410213857255083,1.3014825034014723,0.7783737404549376,0.05139498436387549,0.08869486349694272,0.05360965134992086,0.11689751547701815
17,0.1784527175873518,0.17268900603055953,0.03199634100776166,0.003947773061227054,0.0021191954613010468,0.0004949871888077872,0.17431266003466667,0.16857709503792068,0.0319521850225159,0.0038696934748936366,0.0017623605223856555,0.0011690046823011418,0.11249999999999999,0.4620210112631321,0.1314134402002426,142.01530194282532,0.020688902334554803,0.020688902334554803,0.002327501512637415,0.535184919834137,0.050565898418426514,42.85671607484209,1.2325843934048997,2.4894740150329913,0.43884878526342674,1.4241743449200974,0.8038086976776732,0.05146438174663072,0.08575348310331081,0.05697881311866792,0.11661816289291736
18,0.18688233941793442,0.18143952064216137,0.037628318015486,0.003454229838680476,0.0012999276906998604,0.0004146943905513645,0.20253790015394382,0.19510362007992066,0.043542840478426596,0.003119249752613696,0.0019129637843976028,0.0020221388850897577,0.09441142838268905,0.5049259409308433,0.11985762128011977,143.12313747406006,0.020688902334554803,0.020688902334554803,0.001953268821075269,0.5096536874771118,0.03314830735325813,42.22777628391347,1.333500827880616,2.463535896007051,0.5428860658343803,1.6383296504933784,0.7267902662303853,0.04262864181494459,0.07898828153439025,0.056975485478339596,0.10357018556208053
19,0.18747560620307924,0.18176265381276607,0.035615152958780524,0.0031720377085730435,0.0017991169960227182,0.0003874403656526937,0.17915174034126896,0.17344087829932253,0.033420589535764635,0.0034536201608406894,0.0016859885792373341,0.0010202644395291601,0.075,0.4264600083976984,0.1476709006473105,143.29656052589417,0.020688902334554803,0.020688902334554803,0.00155166767509161,0.5166683197021484,0.04706157371401787,43.500942047606124,1.1677429948715454,2.4022408508239907,0.4132702897520775,1.5328425486037072,0.6691247029031845,0.046569990073429775,0.08651196568253193,0.0483762474623484,0.0900013155918172
20,0.17408113919198512,0.1688449463993311,0.03127017869148403,0.0034059512871317567,0.0017413231823010732,0.0003951064342271593,0.17302922339753268,0.1673461351186988,0.03141649074584959,0.00364596200883983,0.0018499676446295102,0.00101834609920223,0.05558857161731095,0.48123225044459106,0.14354827968364067,142.40131187438965,0.020688902334554803,0.020688902334554803,0.0011500665291079514,0.5096367597579956,0.046990904957056046,43.39994803895342,1.212759625721485,2.5022531773181673,0.41468950313456515,1.461141697903897,0.662712206509202,0.04860587913463724,0.08572354100327542,0.04621796971688572,0.10938393546545759
21,0.17501473993062974,0.17014121308922767,0.03255498885177076,0.004043285136576742,0.0012650225651644575,0.00030168157900348544,0.17543459021823204,0.16965333035493152,0.03247663125326421,0.004492603483897178,0.0019075835898895378,0.0008027681518040349,0.03750000000000001,0.5228918210417032,0.15019930376017349,142.96576857566833,0.020688902334554803,0.020688902334554803,0.0007758338375458054,0.5119737982749939,0.04747191444039345,43.60835586710179,1.1728442653696587,2.60781814062849,0.41217040254714643,1.2757057151261797,0.7551652015920015,0.05682410236368788,0.09502445315902537,0.05640897807910385,0.12076828006575717
22,0.17716170825064181,0.1712070906162262,0.03207083682529628,0.003952807730529457,0.002392709538493989,0.0003143663587956613,0.17589036490213364,0.1700694266746336,0.03236067312412915,0.004012999711855454,0.0019321778014581782,0.0009040856820038388,0.02196699141100894,0.5021491085737944,0.1430055289430187,143.1252043247223,0.020688902334554803,0.020688902334554803,0.00045447293988636815,0.5275117754936218,0.04798584803938866,43.45426733950351,1.2277516205894186,2.5743689816048803,0.4123547822237015,1.6275711186388706,0.7315999896840212,0.050829248205619924,0.08988454331584433,0.051517711769036474,0.10038075493054187
23,0.17563435390591622,0.1709944086521864,0.031652115061879156,0.0036421626526862384,0.0011998437463894619,0.00018556790294149472,0.17100964829404938,0.16542536372992586,0.030459932303006584,0.0037227284529821035,0.0018393470051356893,0.001025615983403407,0.010048094716167097,0.41429725773632525,0.14177739762879432,141.83521223068237,0.020688902334554803,0.020688902334554803,0.00020788405023113723,0.5397970080375671,0.04808829352259636,43.32328323607749,1.2222854526753122,2.457640829238486,0.4293958950549998,1.4677148879842554,0.7023517034472303,0.04853545904080284,0.08582174064631158,0.05394813185805415,0.11006491294408098
24,0.1667723137140274,0.16220005549490452,0.0287247870862484,0.0037379603669978677,0.0013750535993858647,0.0002756548257653435,0.171358290029333,0.16483044731331634,0.030129035191729346,0.003732738926006045,0.002816802375334449,0.0010229982913022371,0.002555563028319885,0.46507167398929594,0.14181228421945521,142.83700108528137,0.020688902334554803,0.020688902334554803,5.287179390270921e-05,0.5394931435585022,0.046150416135787964,43.323903753402384,1.2234023184852396,2.4638052887104926,0.42954253230957273,1.4674688932743478,0.7027939267535793,0.04856621024218646,0.08498956251176114,0.05405398721539197,0.11000291206576723
25,0.18298241220414638,0.17777247503399848,0.03687948085833341,0.0035589305218309162,0.0011543132927909028,0.0003794566765347085,0.1774097438109048,0.17177443006174994,0.03297271161028085,0.003205435588321787,0.0016052977980891418,0.0011449466475923675,0.045,0.48796927839517595,0.14412590488791466,143.1197428703308,0.020688902334554803,0.020688902334554803,0.0009310006050549661,0.46943116188049316,0.0346747487783432,43.15019015048413,1.2509997372931623,2.429890556538359,0.41926905766446537,1.6605104169947036,0.645472991617119,0.043441237604364434,0.08317771486620953,0.04340478768442173,0.09436437535159131
26,0.18015413895249366,0.1755279900878668,0.03355820389464498,0.003536480595357716,0.0009729730490835209,0.00024106447172970614,0.17725719255890618,0.17135180976796657,0.0324835157123434,0.003980796074524442,0.0019526801296831128,0.0010106211107457884,0.044233331091504034,0.5825553688406945,0.14598788840181015,141.9642210006714,0.020688902334554803,0.020688902334554803,0.0009151390668841533,0.5378616452217102,0.05093761906027794,43.207001584641475,1.1864779008195756,2.419229919606067,0.42344829582787574,1.6252967404558303,0.7205715095426174,0.050794521703365,0.08202660392890586,0.051934895854309555,0.1005493571308065
27,0.1727610069513321,0.16758799135684968,0.03120791794732213,0.003837819001637399,0.001755651642670273,0.0002093622730957456,0.1764650472459641,0.17079001726543017,0.032480326300348215,0.003808734294502659,0.0017427607438140994,0.0009876001127404291,0.04198557158514987,0.5244410071521998,0.15164105364299835,144.230810880661,0.020688902334554803,0.020688902334554803,0.0008686353899856249,0.47814756631851196,0.044233113527297974,43.43160531875935,1.1588950956121404,2.4160808438950396,0.40893494749956943,1.3338345695049205,0.6600962736980712,0.050951327236884454,0.08325597719150654,0.04587887040589579,0.09504837495215396
28,0.18206164628267288,0.17700676433742046,0.03501990458928048,0.0035547419311478734,0.0011416729237589606,0.00046696204391949436,0.1771574467420578,0.1714407941326499,0.03222226189013491,0.0037106920759431383,0.0017784762596981807,0.0010608318182139585,0.03840990257669732,0.5335759291052818,0.14494203169770697,143.57834672927856,0.020688902334554803,0.020688902334554803,0.0007946587230890557,0.5234558582305908,0.0447193868458271,42.90343558534663,1.1630902005002854,2.3588756081905773,0.43010809827358165,1.4758151344796444,0.8013096185440712,0.04870556932973101,0.08405568518061587,0.053803765540075627,0.09588692329348401
29,0.17312463670969008,0.16795474462211132,0.030493864566087724,0.0032931807381100953,0.0017982137317380876,0.00031526590465119853,0.18034271010138253,0.174635971718012,0.034346470658845725,0.003422471407325344,0.00147455902131485,0.0012528173494992245,0.03375,0.45950488205999135,0.1324809690580723,141.97490453720093,0.020688902334554803,0.020688902334554803,0.0006982504537912246,0.45711082220077515,0.027083002030849457,42.215145516902844,1.2815525544450639,2.4220266760663782,0.42564297958891445,1.3975244640035833,0.765503559023776,0.044381318673332955,0.08195619986570896,0.04513891688126952,0.10576758137408723
30,0.17892401598393917,0.17377864003181456,0.0325631724158302,0.0033379376027733087,0.0015451061687326729,0.0003541091776213534,0.17241538973881843,0.16697739980163726,0.030968288586356064,0.004155141934306618,0.0015855457352587372,0.0010957173893422873,0.028323428514806716,0.448854107260704,0.14141678639707414,142.977961063385,0.020688902334554803,0.020688902334554803,0.0005859806463225807,0.5335028171539307,0.04600095748901367,42.38004124418218,1.199969450527049,2.394811878813074,0.43392331327529665,1.3442825078964233,0.8648882924004438,0.05108264506735066,0.08396589890756506,0.05369384824781322,0.11130060624093452
31,0.18000346161425113,0.17498673267662526,0.03281861397903413,0.0035235021356493233,0.0013781601472874173,0.0003610642202375747,0.173179866746068,0.16766123610370337,0.031056942399640745,0.0033028913931822047,0.0016340764916120023,0.0012274301751526806,0.0225,0.5372163104265928,0.13883647802186774,142.64095211029053,0.020688902334554803,0.020688902334554803,0.00046550030252748303,0.4729044735431671,0.03508548438549042,42.444822372274196,1.2146126542319642,2.3393147156593646,0.43216123780671584,1.558728502151814,0.74036428395738,0.043919102249151847,0.07791870103237476,0.04633578610578007,0.0957592952441662
32,0.17902876161038875,0.1739739652723074,0.032933814316056666,0.0033024135907180605,0.0014414693647449893,0.00030965069609351304,0.1753142478459693,0.16961443973110713,0.031873387569422894,0.0036301583812096494,0.0017801285069065265,0.0011016682802050886,0.016676571485193286,0.4769709708541632,0.13998152006496775,141.75303506851196,0.020688902334554803,0.020688902334554803,0.00034501995873238543,0.48663878440856934,0.035207223147153854,42.399383524630935,1.2831995157485312,2.4248104831005666,0.4232354053157441,1.719817691660942,0.7691087682354958,0.04575924444547359,0.08105031714001869,0.0453873119371797,0.10239229414691316
33,0.17773649759590626,0.17265133045613765,0.03192867746576667,0.0037187440809793772,0.001528125128093052,0.0003564713048711354,0.17321448523471963,0.16776183990642746,0.031622570804369816,0.003829416100609493,0.0016954644811140976,0.0008069066363376832,0.011250000000000005,0.544366786852479,0.1438302146469025,142.82022261619568,0.020688902334554803,0.020688902334554803,0.00023275015126374162,0.5007872581481934,0.045876678079366684,42.90151372868964,1.1735215066595281,2.457043825311864,0.4036332440186054,1.2395422997626853,0.8139169308495648,0.05182216851476659,0.08397938477549147,0.04701406851846185,0.1050020344555378
34,0.17867985159158706,0.17429521337151527,0.03396045193541795,0.004001134338323027,0.0006155863754793245,0.0003459018563815164,0.1762076543762963,0.17059380434294966,0.03245920759992317,0.0035479100268740365,0.0017770522294060461,0.0008269633673584944,0.006590097423302682,0.5247827924787998,0.14741823029644946,142.09037923812866,0.020688902334554803,0.020688902334554803,0.00013634188196591043,0.47236087918281555,0.04506644606590271,43.088835472756244,1.1348610815215618,2.4175481872355684,0.3978274014401943,1.1605518010068447,0.7239540113889157,0.050026348336262905,0.08173771230305762,0.04292964511424021,0.0980333345446815
35,0.17132881887257098,0.16609706424176693,0.030270594200119377,0.0036827154690399766,0.0018093234129992197,0.00042247328660753423,0.17242811628161592,0.16688563510220736,0.031030791234522265,0.004349246160424453,0.0017004045292848564,0.0010430678676488195,0.003014428414850129,0.5729460699856281,0.14012487628992568,143.0348663330078,0.020688902334554803,0.020688902334554803,6.236521506934116e-05,0.47185882925987244,0.03708122298121452,42.559613329298955,1.2627376077022958,2.43320665207315,0.4172486903819632,1.5555018376796803,0.765780749631689,0.05032691333759973,0.08116269396974686,0.045026785292956194,0.10456280644111177
36,0.16847156442701816,0.16390744477510452,0.029168137880042196,0.004340438737999648,0.001282375252330894,0.0002958157849144527,0.17354285598118255,0.16794911151791506,0.03140307831989126,0.0045125665368532086,0.0017835972326855336,0.0008884207309123173,0.0007666689084959655,0.5501387391239405,0.14482300538331905,143.1472418308258,0.020688902334554803,0.020688902334554803,1.5861538170812764e-05,0.4849977195262909,0.04255952313542366,42.840966488452665,1.2044393547037815,2.456411841067862,0.40441995938407616,1.4439640000779579,0.7856522175146544,0.05333115412120489,0.08448886589959581,0.04589432084832608,0.10221783935706666
37,0.17367093689739704,0.16805827889591454,0.030652119803708047,0.003591676822397858,0.002159511408085564,0.00041670008560426905,0.17828152659646374,0.17242437212708148,0.03419756498732703,0.0041192314461210465,0.0016134106962195827,0.0012360525854177844,0.013499999999999998,0.5276324310898781,0.13918434317283174,143.53036761283875,0.020688902334554803,0.020688902334554803,0.0002793001815164898,0.4964725375175476,0.04343613237142563,42.23203212656873,1.2285596116426143,2.429622114972865,0.45082364802030805,1.3790401305924072,0.7355719592342985,0.0501053309504022,0.08143103285197248,0.04366774959774549,0.11135390634707948
38,0.17574689269065857,0.17108946517109871,0.03137978242710233,0.0038517461670562626,0.001159667855315547,0.0003343878431338965,0.18163387457582544,0.1759198925041772,0.03442397186324555,0.0034076615578514783,0.00170248928607357,0.0007974248927814249,0.013269999327451208,0.6093788031488657,0.15089721296061862,143.0236964225769,0.020688902334554803,0.020688902334554803,0.000274541720065246,0.44382259249687195,0.042868003249168396,43.262933548460616,1.0858108902231176,2.437037408351898,0.3859907903886856,1.1268066668764074,0.6881443310846039,0.049657369884563256,0.08361232205432781,0.03857816121679671,0.09503405406437021
39,0.19463980749249457,0.18880235441029072,0.038605670304968955,0.003888191576115787,0.0015664508549525634,0.0004320484468500041,0.1803661752690343,0.1742644623674928,0.03451775875873864,0.0037334635172613915,0.0016892722282514018,0.001547985634239043,0.01259567147554496,0.6199208950996399,0.12958244919935438,142.74969267845154,0.020688902334554803,0.020688902334554803,0.00026059061699568745,0.5337970852851868,0.04773164168000221,41.348483532033065,1.2552435769045607,2.40120393671888,0.5106335209405168,1.567451170784362,0.8312123109527091,0.04776326448042342,0.08173697414074807,0.050169765906212756,0.10841649065309382
40,0.18386861778795718,0.17870239935815335,0.03593067185021937,0.0037425138987600805,0.0011892886449453499,0.00039347175097643517,0.17956838677538203,0.17344507402641343,0.0340401288902169,0.003664352954613005,0.0017598611405841669,0.0015524415867757156,0.011522970773009194,0.618868935406208,0.12952934047009082,141.9849784374237,0.020688902334554803,0.020688902334554803,0.00023839761692671666,0.5316238403320312,0.04675484821200371,41.35194368565336,1.2540510502901483,2.4025373674453574,0.508511723831613,1.5690013487288292,0.8307168682680485,0.04736438124103749,0.0816499299191414,0.04995246119304941,0.10828264977069611
41,0.1717112599313259,0.16614077672362326,0.030187402772717177,0.003766218964010477,0.0021034183617049964,0.0005200257780815321,0.18041764136324537,0.17446599012993752,0.03501987197693992,0.00382039959646484,0.0016138025581799572,0.0012896807946253712,0.010124999999999999,0.6186368387192488,0.13398237112275463,142.41507697105408,0.020688902334554803,0.020688902334554803,0.00020947513613736734,0.5358567237854004,0.046006012707948685,41.75955409192024,1.2750876989770443,2.428464821044435,0.48427892476320267,1.5239347897945565,0.8047748632887577,0.049245207431785606,0.08095594103190493,0.048107684447809045,0.11139205292342826
42,0.17695292800664902,0.17228557169437408,0.03196862968150526,0.003924695500172675,0.0011297172020567814,0.0002890848917709299,0.17841933364484538,0.17252637394406695,0.034143871067963696,0.003759866986582254,0.0016642118416740762,0.0012527362025460864,0.008497028554442013,0.6247556003928184,0.13350157023585857,142.38659691810608,0.020688902334554803,0.020688902334554803,0.00017579419389677418,0.5365809202194214,0.05086386948823929,41.8268868466641,1.2503393051472116,2.429892065677237,0.4790625583301199,1.4857922434172732,0.8210519476536107,0.04965654978568249,0.08021378299181765,0.04867316225693472,0.1113549512910082
43,0.16532717384397982,0.1610209583491087,0.028503790865652263,0.0036975763854570688,0.0010832136018188976,0.00037548681345413116,0.17636333112703992,0.1708455374266239,0.03235638758880978,0.003928568823500834,0.001701654001000055,0.0007681438950591427,0.006749999999999999,0.6263859264552594,0.14719824508783666,142.09560227394104,0.020688902334554803,0.020688902334554803,0.0001396500907582449,0.49515244364738464,0.04915357753634453,42.96059287862575,1.1521508059603103,2.465434419347885,0.40409628967655464,1.379088507370746,0.8054726737293791,0.05403322407460593,0.08482578468132526,0.04610437291201843,0.10055807010924563
44,0.18150477796792985,0.176520814076066,0.03358418150804937,0.003883762671612203,0.0012258372148951935,0.0004110399090652095,0.17557944383155158,0.16986076107763864,0.032617586071632725,0.0039552825569928165,0.001633905167211138,0.0012505086058411763,0.005002971445557985,0.6883880949020386,0.13720316800506824,143.22231078147888,0.020688902334554803,0.020688902334554803,0.0001035059876197156,0.5355280041694641,0.05012417584657669,41.890960287540516,1.2463849291522453,2.4591354905290808,0.4763457183825209,1.5937514355842104,0.8102577271613669,0.05073438370798496,0.08190545118711096,0.04731331566971618,0.10020324698788055
45,0.17588473305106164,0.17152743220329283,0.03201504016295075,0.0038177880737930536,0.0007189395513533725,0.0004919321959226863,0.18029162614665767,0.17429989724955025,0.03518853494971792,0.0039658082656542516,0.0016512157262725316,0.0012467389147149434,0.003375000000000001,0.5748142404854297,0.13732674468229425,142.13374257087708,0.020688902334554803,0.020688902334554803,6.982504537912247e-05,0.5367119908332825,0.04694989696145058,41.89799288485913,1.2454269737639325,2.4591664988943873,0.4761260077357292,1.4058520581493987,0.8094815736279842,0.05086929406574432,0.08215299248695374,0.04733549014177852,0.11152023695250775
46,0.18218650549650192,0.17673679798841477,0.03522588323336095,0.003995921441819519,0.0015979580232669832,0.00025873019198428436,0.17581512745311287,0.1700516040734154,0.03274601153865893,0.003983838735098773,0.001666177440606867,0.0012471054304231855,0.0019770292269908046,0.6241396003216505,0.1373476366651185,142.19996786117554,0.020688902334554803,0.020688902334554803,4.0902564589773136e-05,0.5367500185966492,0.04850339516997337,41.89166261794719,1.2593321213696866,2.4594330407203513,0.4765594281414722,1.5959318051946925,0.8095848501679745,0.050791395649789496,0.08198994814239918,0.047281221731843306,0.10080306394461622
47,0.17631575636565686,0.1714893813431263,0.03192358403466642,0.003965119055937976,0.0012549539425845068,0.0003616146146495858,0.17943867658601798,0.17349706532711046,0.034626596810375436,0.003870908502846005,0.001663496260122918,0.0012438207092391894,0.0009043285244550386,0.6299111838638782,0.13458690550574598,141.50569987297058,0.020688902334554803,0.020688902334554803,1.8709564520802347e-05,0.5371413230895996,0.051836639642715454,41.79901356392718,1.2617666397957092,2.433792332385449,0.4796513639231946,1.4862883778962683,0.8245599618617524,0.050155884546643874,0.08061504336272149,0.048300896131741926,0.11241523885822043
48,0.17522752918303014,0.17085440665483476,0.03244548519141972,0.003870814519468695,0.000766858647839399,0.00033634908932253185,0.17474620698138754,0.16923283531944802,0.032450383350728675,0.004008544793481284,0.001679081747118069,0.0007776468720306303,0.00023000067254878962,0.5435610266774893,0.1471969228475652,141.88125729560852,0.020688902334554803,0.020688902334554803,4.758461451243828e-06,0.4961467385292053,0.05022076144814491,42.950606650494514,1.1666156538623444,2.465382641934334,0.40538475614912967,1.1880195809805647,0.8049511244480915,0.0539477878904089,0.08493184349796873,0.04613539030237626,0.10657163346780742
49,0.17944423265755177,0.17367352277040482,0.03425058751367033,0.003778786952607334,0.001987966360184146,0.00033749656572240383,0.18192692128743262,0.17581162383740254,0.0349186530356553,0.0035017385429881036,0.0016412108839075363,0.0016142680642613648,0.00405,0.6202229765802622,0.13090898393792041,141.0174548625946,0.020688902334554803,0.020688902334554803,8.379005445494695e-05,0.5024069547653198,0.03949173167347908,41.31830511701868,1.2913824199362005,2.4067199331648808,0.511416384514342,1.6628085964537682,0.7885764986276627,0.045283691997223714,0.07905171585685396,0.046901177701309936,0.09586709163131867
50,0.1792966318130493,0.17425468295812607,0.034311728524044155,0.003601082768291235,0.0012374097843627396,0.00038662441636006406,0.17212475091218948,0.16664261735500174,0.03108913972577516,0.0036678542358245937,0.001723808669810556,0.0009320367099232751,0.003980999798235363,0.5320208015292883,0.14515814220810191,142.66718578338623,0.020688902334554803,0.020688902334554803,8.23625160195738e-05,0.4996335506439209,0.04739449918270111,42.79883323831761,1.2173155894938936,2.4660529671831335,0.41071014946445505,1.5052258784466601,0.7496057965178439,0.049446704321877755,0.08290094909991355,0.042575053722914084,0.09829104251842549
